{
	"format_version": "1.8.0",
	"animations": {
		"animation.model.idle": {
			"loop": true,
			"animation_length": 2,
			"bones": {
				"LegLF": {
					"rotation": {
						"0.0": [0, 0, 0],
						"1.0": [0, -17.5, 0],
						"2.0": [0, 0, 0]
					}
				},
				"LegLB": {
					"rotation": {
						"0.0": [0, 0, 0],
						"1.0": [0, 15, 0],
						"2.0": [0, 0, 0]
					}
				},
				"LegRF": {
					"rotation": {
						"0.0": [0, 0, 0],
						"1.0": [0, 20, 0],
						"2.0": [0, 0, 0]
					}
				},
				"LegRB": {
					"rotation": {
						"0.0": [0, 0, 0],
						"1.0": [0, -17.5, 0],
						"2.0": [0, 0, 0]
					}
				},
				"Jaw": {
					"rotation": {
						"0.0": [0, 0, 0],
						"1.0": [12.5, 0, 0],
						"2.0": [0, 0, 0]
					}
				},
				"tail": {
					"rotation": {
						"0.0": [0, 0, 0],
						"1.0": [10, 0, 0],
						"2.0": [0, 0, 0]
					}
				},
				"backpack": {
					"rotation": {
						"0.0": [0, 0, 0],
						"1.0": [0, 15, 0],
						"2.0": [0, 0, 0]
					}
				}
			}
		},
		"animation.model.walk": {
			"loop": true,
			"animation_length": 1,
			"bones": {
				"LegLF": {
					"rotation": {
						"0.0": [0, -40, 0],
						"0.5": [3.96713, 14.47751, 15.50409],
						"1.0": [0, -40, 0]
					}
				},
				"LegLB": {
					"rotation": {
						"0.0": [14.34992, 32.61461, 18.29577],
						"0.5": [2.31615, -17.22742, -4.84419],
						"1.0": [14.34992, 32.61461, 18.29577]
					}
				},
				"LegRF": {
					"rotation": {
						"0.0": [3.96713, -14.47751, -15.50409],
						"0.5": [0.76707, 32.51131, -2.00262],
						"1.0": [3.96713, -14.47751, -15.50409]
					}
				},
				"LegRB": {
					"rotation": {
						"0.0": [0, 22.5, 0],
						"0.5": [14.70516, -34.89321, -24.64445],
						"1.0": [0, 22.5, 0]
					}
				},
				"Jaw": {
					"rotation": {
						"0.0": [-5, 0, 0],
						"0.5": [2.5, 0, 0],
						"1.0": [-5, 0, 0]
					}
				},
				"eyeL": {
					"rotation": {
						"0.0": [0, 0, 0],
						"0.5": [0, -10, 0],
						"1.0": [0, 0, 0]
					},
					"position": {
						"0.0": [0, -0.5, 0],
						"0.9583": [0, -0.5, 0]
					}
				},
				"eyeR": {
					"rotation": {
						"0.0": [0, 0, 0],
						"0.5": [0, 10, 0],
						"1.0": [0, 0, 0]
					},
					"position": {
						"0.0": [0, -0.5, 0],
						"0.9583": [0, -0.5, 0]
					}
				},
				"tail": {
					"rotation": {
						"0.0": [0, 17.5, 0],
						"0.25": [-10, 3.75, 0],
						"0.5": [0, -10, 0],
						"0.75": [-10, 3.75, 0],
						"1.0": [0, 17.5, 0]
					}
				},
				"body": {
					"rotation": {
						"0.0": [5, 0, 0],
						"0.5": [0, 0, 0],
						"1.0": [5, 0, 0]
					},
					"position": {
						"0.0": [0, 0, 0],
						"1.0": [0, 0, 0]
					}
				},
				"backpack": {
					"rotation": {
						"0.0": [0, 0, 0],
						"0.2083": [-10, 0, 0],
						"0.4583": [0, 0, 0],
						"0.75": [-10, 0, 0],
						"1.0": [0, 0, 0]
					},
					"position": {
						"0.0": [0, 0, 0],
						"0.2083": [0, 0.5, 0],
						"0.4583": [0, 0, 0],
						"0.75": [0, 0.5, 0],
						"1.0": [0, 0, 0]
					}
				}
			}
		},
		"animation.model.happy": {
			"animation_length": 2.125,
			"bones": {
				"LegLF": {
					"rotation": {
						"0.0": [0, 0, 0],
						"1.0833": [0, 0, 0],
						"1.1667": [0, 0, -12.5],
						"1.4167": [0, 0, 0],
						"1.5": [0, 0, -12.5],
						"1.75": [0, 0, 0],
						"1.875": [0, 0, -12.5],
						"2.0417": [0, 0, 0]
					}
				},
				"LegLB": {
					"rotation": {
						"0.0": [0, 0, 0],
						"1.0": [0, 0, 0],
						"1.125": [0, 0, -10],
						"1.3333": [0, 0, 0],
						"1.5417": [0, 0, -10],
						"1.6667": [0, 0, 0],
						"1.875": [0, 0, -10],
						"2.0417": [0, 0, 0]
					}
				},
				"LegRF": {
					"rotation": {
						"0.0": [0, 0, 0],
						"1.0": [0, 0, 0],
						"1.125": [0, 0, 20],
						"1.3333": [0, 0, 0],
						"1.5417": [0, 0, 20],
						"1.6667": [0, 0, 0],
						"1.875": [0, 0, 20],
						"2.0417": [0, 0, 0]
					}
				},
				"LegRB": {
					"rotation": {
						"0.0": [0, 0, 0],
						"1.125": [0, 0, 0],
						"1.2917": [0, 0, 12.5],
						"1.4583": [0, 0, 0],
						"1.6667": [0, 0, 12.5],
						"1.7917": [0, 0, 0],
						"1.9583": [0, 0, 12.5],
						"2.0833": [0, 0, 0]
					}
				},
				"Jaw": {
					"rotation": {
						"0.0": [0, 0, 0],
						"0.75": [-10, 0, 0]
					}
				},
				"eyeL": {
					"rotation": {
						"0.0": [0, 0, 0],
						"0.75": [-9.85108, -1.72794, -9.85108]
					}
				},
				"eyeR": {
					"rotation": {
						"0.0": [0, 0, 0],
						"0.75": [-14.51082, 3.84097, 14.51082]
					}
				},
				"tail": {
					"rotation": {
						"0.0": [0, 0, 0],
						"0.75": [5, 10, 0]
					}
				}
			}
		},
		"animation.model.angry": {
			"animation_length": 1.5833,
			"bones": {
				"LegLF": {
					"rotation": {
						"0.0": [0, 0, 0],
						"0.75": [0, 0, 12.5],
						"1.25": [0, 0, 12.5],
						"1.5": [0, 0, 0]
					}
				},
				"LegLB": {
					"rotation": {
						"0.0": [0, 0, 0],
						"0.75": [0, 0, 10],
						"1.25": [0, 0, 10],
						"1.5": [0, 0, 0]
					}
				},
				"LegRF": {
					"rotation": {
						"0.0": [0, 0, 0],
						"0.75": [0, 0, -10],
						"1.25": [0, 0, -10],
						"1.5": [0, 0, 0]
					}
				},
				"LegRB": {
					"rotation": {
						"0.0": [0, 0, 0],
						"0.75": [0, 0, -10],
						"1.25": [0, 0, -10],
						"1.5": [0, 0, 0]
					}
				},
				"Jaw": {
					"rotation": {
						"0.0": [0, 0, 0],
						"0.0833": [-10, 0, 0],
						"0.25": [0, 0, 0],
						"0.3333": [-10, 0, 0],
						"0.5417": [0, 0, 0],
						"0.625": [-10, 0, 0],
						"0.75": [0, 0, 0],
						"0.7917": [-10, 0, 0],
						"1.25": [-10, 0, 0],
						"1.5": [0, 0, 0]
					}
				},
				"eyeL": {
					"rotation": {
						"0.0": [0, 0, 0],
						"0.75": [23.21088, 13.83447, 5.85463],
						"1.25": [23.21088, 13.83447, 5.85463],
						"1.5": [0, 0, 0]
					},
					"position": {
						"0.0": [0, 0, 0],
						"0.75": [0, -0.25, 0],
						"1.25": [0, -0.25, 0],
						"1.5": [0, 0, 0]
					}
				},
				"eyeR": {
					"rotation": {
						"0.0": [0, 0, 0],
						"0.75": [18.54835, -19.03771, -6.24605],
						"1.25": [18.54835, -19.03771, -6.24605],
						"1.5": [0, 0, 0]
					},
					"position": {
						"0.0": [0, 0, 0],
						"0.75": [0, -0.25, 0],
						"1.25": [0, -0.25, 0],
						"1.5": [0, 0, 0]
					}
				}
			}
		},
		"animation.model.attack": {
			"animation_length": 1.5,
			"bones": {
				"LegLF": {
					"rotation": {
						"0.0": [0, 0, 0],
						"0.7083": [0, 12.5, 0],
						"1.0": [0, -27.5, 0],
						"1.5": [0, 0, 0]
					}
				},
				"LegLB": {
					"rotation": {
						"0.0": [0, 0, 0],
						"0.7083": [0, 12.5, 0],
						"1.0": [0, -12.5, 0],
						"1.5": [0, 0, 0]
					}
				},
				"LegRF": {
					"rotation": {
						"0.0": [0, 0, 0],
						"0.7083": [0, -10, -12.5],
						"1.0": [0, 15, -12.5],
						"1.5": [0, 0, 0]
					}
				},
				"LegRB": {
					"rotation": {
						"0.0": [0, 0, 0],
						"0.7083": [0, -15, 0],
						"1.0": [0, 12.5, 0],
						"1.5": [0, 0, 0]
					}
				},
				"Jaw": {
					"rotation": {
						"0.0": [0, 0, 0],
						"0.7083": [-7.5, 0, 0],
						"1.0": [5, 0, 0],
						"1.1667": [-10, 0, 0],
						"1.5": [0, 0, 0]
					},
					"position": {
						"0.0": [0, 0, 0],
						"0.7083": [0, 0, 1.25],
						"1.0": [0, 0.5, -0.5],
						"1.1667": [0, 0.5, 0.25],
						"1.5": [0, 0, 0]
					}
				},
				"upper_jaw_teeth": {
					"rotation": {
						"0.0": [0, 0, 0],
						"1.0": [-10, 0, 0],
						"1.125": [-7.5, 0, 0],
						"1.5": [0, 0, 0]
					},
					"position": {
						"0.0": [0, 0, 0],
						"0.7083": [0, 0, 0.75],
						"1.0": [0, 1.25, -0.75],
						"1.125": [0, 0.5, 0.25],
						"1.5": [0, 0, 0]
					}
				},
				"eyeL": {
					"rotation": {
						"0.0": [0, 0, 0],
						"1.0": [-7.5, 0, 0],
						"1.125": [0, 0, 0],
						"1.5": [0, 0, 0]
					},
					"position": {
						"0.0": [0, 0, 0],
						"0.7083": [0, 0, 1],
						"1.0": [0, 0.5, -0.25],
						"1.125": [0, 0, -0.25],
						"1.5": [0, 0, 0]
					}
				},
				"eyeR": {
					"rotation": {
						"0.0": [0, 0, 0],
						"1.0": [-7.5, 0, 0],
						"1.125": [0, 0, 0],
						"1.5": [0, 0, 0]
					},