{
	"format_version": "1.8.0",
	"animations": {
		"animation.ele.move": {
			"loop": true,
			"animation_length": 1,
			"bones": {
				"head": {
					"rotation": {
						"0.0": [0, 0, 0],
						"0.2917": [0, 0, -7.5],
						"0.625": [0, 0, 5],
						"1.0": [0, 0, 0]
					},
					"position": {
						"0.0": [0, 0, 0],
						"0.4167": [0, -0.25, 0],
						"0.8333": [0, 0, 0]
					}
				},
				"leftarm": {
					"rotation": {
						"0.0": [0, 0, 0],
						"0.4167": [0, 0, -22.5],
						"0.8333": [0, 0, 0]
					}
				},
				"rightarm": {
					"rotation": {
						"0.0": [0, 0, 0],
						"0.4167": [0, 0, 27.5],
						"0.8333": [0, 0, 2.5]
					}
				}
			}
		},
		"animation.ele.walk": {
			"loop": true,
			"animation_length": 1,
			"bones": {
				"root": {
					"rotation": {
						"0.0": [0, 0, 0],
						"0.5": [0, 0, -2.5],
						"1.0": [0, 0, 0]
					}
				},
				"body": {
					"rotation": {
						"0.0": [0, 0, 2.5],
						"0.5": [0, 0, -2.5],
						"1.0": [0, 0, 2.5]
					},
					"position": {
						"0.0": [0, 0.25, 0],
						"0.5": [0, 0.25, 0],
						"1.0": [0, 0.25, 0]
					}
				},
				"leftarm": {
					"rotation": {
						"0.0": [-37.40109, -2.68407, -4.22005],
						"0.5": [27.59891, -2.68407, -4.22005],
						"1.0": [-37.40109, -2.68407, -4.22005]
					}
				},
				"leftleg": {
					"rotation": {
						"0.0": [27.5, 0, 0],
						"0.5": [-15, 0, 0],
						"1.0": [27.5, 0, 0]
					},
					"position": {
						"0.0": [0, 0, 0.5],
						"0.5": [0, 0, -0.25],
						"1.0": [0, 0, 0.5]
					}
				},
				"leftfeet": {
					"rotation": {
						"0.0": [-5, 0, 0],
						"0.5": [10, 0, 0],
						"1.0": [-5, 0, 0]
					},
					"position": {
						"0.0": [0, 0.25, 0.25],
						"1.0": [0, 0.25, 0.25]
					}
				},
				"rightarm": {
					"rotation": {
						"0.0": [29.76905, -4.29357, 6.15518],
						"0.5": [-50.23095, -4.29357, 6.15518],
						"1.0": [29.76905, -4.29357, 6.15518]
					}
				},
				"rightleg": {
					"rotation": {
						"0.0": [-17.5, 0, 0],
						"0.5": [27.5, 0, 0],
						"1.0": [-17.5, 0, 0]
					},
					"position": {
						"0.0": [0, 0, 0],
						"0.5": [0, 0, 0.5],
						"1.0": [0, 0, 0]
					}
				},
				"rightfeet": {
					"rotation": {
						"0.0": [7.5, 0, 0],
						"0.5": [0, 0, 0],
						"1.0": [7.5, 0, 0]
					},
					"position": {
						"0.0": [0, 0, 0],
						"1.0": [0, 0, 0]
					}
				}
			}
		}
	}
}