{
	"format_version": "1.8.0",
	"animations": {
		"animation.ele.move": {
			"loop": true,
			"animation_length": 1,
			"bones": {
				"head": {
					"rotation": {
						"0.0": [0, 0, 0],
						"0.2917": [0, 0, -7.5],
						"0.625": [0, 0, 5],
						"1.0": [0, 0, 0]
					},
					"position": {
						"0.0": [0, 0, 0],
						"0.4167": [0, -0.25, 0],
						"0.8333": [0, 0, 0]
					}
				},
				"leftarm": {
					"rotation": {
						"0.0": [0, 0, 0],
						"0.4167": [0, 0, -22.5],
						"0.8333": [0, 0, 0]
					}
				},
				"rightarm": {
					"rotation": {
						"0.0": [0, 0, 0],
						"0.4167": [0, 0, 27.5],
						"0.8333": [0, 0, 2.5]
					}
				}
			}
		},
		"animation.ele.walk": {
			"loop": true,
			"animation_length": 1,
			"bones": {
				"root": {
					"rotation": {
						"0.0": [0, 0, 0],
						"0.5": [0, 0, -2.5],
						"1.0": [0, 0, 0]
					}
				},
				"body": {
					"rotation": {
						"0.0": [0, 0, 2.5],
						"0.5": [0, 0, -2.5],
						"1.0": [0, 0, 2.5]
					},
					"position": {
						"0.0": [0, 0.25, 0],
						"0.5": [0, 0.25, 0],
						"1.0": [0, 0.25, 0]
					}
				},
				"leftarm": {
					"rotation": {
						"0.0": [-37.40109, -2.68407, -4.22005],
						"0.5": [27.59891, -2.68407, -4.22005],
						"1.0": [-37.40109, -2.68407, -4.22005]
					}
				},
				"leftleg": {
					"rotation": {
						"0.0": [27.5, 0, 0],
						"0.5": [-15, 0, 0],
						"1.0": [27.5, 0, 0]
					},
					"position": {
						"0.0": [0, 0, 0.5],
						"0.5": [0, 0, -0.25],
						"1.0": [0, 0, 0.5]
					}
				},
				"leftfeet": {
					"rotation": {
						"0.0": [-5, 0, 0],
						"0.5": [10, 0, 0],
						"1.0": [-5, 0, 0]
					},
					"position": {
						"0.0": [0, 0.25, 0.25],
						"1.0": [0, 0.25, 0.25]
					}
				},
				"rightarm": {
					"rotation": {
						"0.0": [29.76905, -4.29357, 6.15518],
						"0.5": [-50.23095, -4.29357, 6.15518],
						"1.0": [29.76905, -4.29357, 6.15518]
					}
				},
				"rightleg": {
					"rotation": {
						"0.0": [-17.5, 0, 0],
						"0.5": [27.5, 0, 0],
						"1.0": [-17.5, 0, 0]
					},
					"position": {
						"0.0": [0, 0, 0],
						"0.5": [0, 0, 0.5],
						"1.0": [0, 0, 0]
					}
				},
				"rightfeet": {
					"rotation": {
						"0.0": [7.5, 0, 0],
						"0.5": [0, 0, 0],
						"1.0": [7.5, 0, 0]
					},
					"position": {
						"0.0": [0, 0, 0],
						"1.0": [0, 0, 0]
					}
				}
			}
		},
		"animation.ele.happy": {
			"loop": true,
			"animation_length": 0.79167,
			"bones": {
				"root": {
					"position": {
						"0.0": [0, 0, 0],
						"0.1667": [0, 1, 0],
						"0.3333": [0, 0, 0],
						"0.5": [0, 1, 0],
						"0.6667": [0, 0, 0]
					}
				},
				"leftear": {
					"rotation": {
						"0.0": [0, 0, 0],
						"0.0833": [0, 27.5, 0],
						"0.1667": [0, 0, 0],
						"0.25": [0, 27.5, 0],
						"0.3333": [0, 0, 0],
						"0.4167": [0, 27.5, 0],
						"0.5": [0, 0, 0],
						"0.5833": [0, 27.5, 0],
						"0.6667": [0, 0, 0],
						"0.75": [0, 27.5, 0]
					}
				},
				"rightear": {
					"rotation": {
						"0.0": [0, 0, 0],
						"0.0833": [0, -27.5, 0],
						"0.1667": [0, 0, 0],
						"0.25": [0, -27.5, 0],
						"0.3333": [0, 0, 0],
						"0.4167": [0, -27.5, 0],
						"0.5": [0, 0, 0],
						"0.5833": [0, -27.5, 0],
						"0.6667": [0, 0, 0],
						"0.75": [0, -27.5, 0]
					}
				},
				"leftarm": {
					"rotation": {
						"0.0": [-124.12315, -59.1795, 7.63831],
						"0.25": [-91.62315, -59.1795, 7.63831],
						"0.5": [-124.12315, -59.1795, 7.63831]
					}
				},
				"rightarm": {
					"rotation": {
						"0.0": [-128.63216, 53.10479, -17.17679],
						"0.25": [-93.63216, 53.10479, -17.17679],
						"0.5": [-128.63216, 53.10479, -17.17679]
					}
				},
				"eye2": {
					"position": [0, 0, -1]
				}
			}
		},
		"animation.ele.attack": {
			"animation_length": 0.33333,
			"bones": {
				"root": {
					"position": {
						"0.0": [0, 0, 0],
						"0.1667": [0, 1, -1],
						"0.3333": [0, 0, 0]
					}
				},
				"core": {
					"rotation": {
						"0.0": [0, 0, 0],
						"0.1667": [10, 0, 0],
						"0.3333": [0, 0, 0]
					}
				},
				"head": {
					"rotation": {
						"0.0": [0, 0, 0],
						"0.1667": [17.5, 0, 0],
						"0.3333": [0, 0, 0]
					}
				},
				"leftarm": {
					"rotation": {
						"0.0": [0, 0, 0],
						"0.1667": [37.5, 0, 0],
						"0.3333": [0, 0, 0]
					}
				},
				"leftleg": {
					"rotation": {
						"0.0": [0, 0, 0],
						"0.1667": [-22.5, 0, 0],
						"0.3333": [0, 0, 0]
					},
					"position": {
						"0.0": [0, 0, 0],
						"0.1667": [0, 0, -0.25],
						"0.3333": [0, 0, 0]
					}
				},
				"rightarm": {
					"rotation": {
						"0.0": [0, 0, 0],
						"0.1667": [-65, 0, 0],
						"0.3333": [0, 0, 0]
					}
				},
				"rightleg": {
					"rotation": {
						"0.0": [0, 0, 0],
						"0.1667": [35, 0, 0],
						"0.3333": [0, 0, 0]
					},
					"position": {
						"0.0": [0, 0, 0],
						"0.1667": [0, 0, 0.25],
						"0.3333": [0, 0, 0]
					}
				},
				"eye3": {
					"position": {
						"0.0": [0, 0, -1],
						"0.3333": [0, 0, -1]
					}
				}
			}
		},
		"animation.ele.angry": {
			"loop": "hold_on_last_frame",
			"animation_length": 0.16667,
			"bones": {
				"leftarm": {
					"rotation": {
						"0.0": [0, 0, 0],
						"0.1667": [0, 0, -25]
					}
				},
				"lefthand": {
					"rotation": {
						"0.0": [0, 0, 0],
						"0.1667": [0, 0, 65]
					}
				},
				"rightarm": {
					"rotation": {
						"0.0": [0, 0, 0],
						"0.1667": [0, 0, 22.5]
					}
				},
				"righthand": {
					"rotation": {
						"0.0": [0, 0, 0],
						"0.1667": [0, 0, -57.5]
					}
				},
				"eye3": {
					"position": [0, 0, -1]
				}
			}
		}
	}
}