{
	"format_version": "1.8.0",
	"animations": {
		"animation.eugene_sheep.idle": {
			"loop": true,
			"animation_length": 1.5,
			"bones": {
				"head": {
					"rotation": {
						"0.0": [0, 0, -5],
						"0.75": [0, 0, 5],
						"1.5": [0, 0, -5]
					}
				},
				"leftarm": {
					"rotation": {
						"0.0": [0, 0, 0],
						"0.75": [0, 0, 7.5],
						"1.5": [0, 0, 0]
					}
				},
				"rightarm": {
					"rotation": {
						"0.0": [0, 0, 0],
						"0.75": [0, 0, -12.5],
						"1.5": [0, 0, 0]
					}
				}
			}
		},
		"animation.eugene_sheep.walk": {
			"loop": true,
			"animation_length": 1,
			"bones": {
				"root": {
					"rotation": {
						"0.0": [0, 0, -2.5],
						"0.5": [0, 0, 2.5],
						"1.0": [0, 0, -2.5]
					}
				},
				"face": {
					"rotation": [0, -270, 0]
				},
				"leftarm": {
					"rotation": {
						"0.0": [3.09472, -22.29711, -8.11003],
						"0.5": [-4.59855, 0.57078, -2.2692],
						"1.0": [3.09472, -22.29711, -8.11003]
					}
				},
				"leftleg": {
					"rotation": {
						"0.0": [22.5, 0, 0],
						"0.5": [-27.5, 0, 0],
						"1.0": [22.5, 0, 0]
					},
					"position": {
						"0.0": [0, 0.25, 0.5],
						"0.5": [0, 0.25, -0.5],
						"1.0": [0, 0.25, 0.5]
					}
				},
				"rightarm": {
					"rotation": {
						"0.0": [-2.73725, -19.76134, 10.59189],
						"0.5": [-2.70402, 17.69934, 8.84316],
						"1.0": [-2.73725, -19.76134, 10.59189]
					}
				},
				"rightleg": {
					"rotation": {
						"0.0": [-27.5, 0, 0],
						"0.5": [20, 0, 0],
						"1.0": [-27.5, 0, 0]
					},
					"position": {
						"0.0": [0, 0.25, 0],
						"0.5": [0, 0.25, 1],
						"1.0": [0, 0.25, 0]
					}
				}
			}
		},
		"animation.eugene_sheep.angry": {
			"loop": "hold_on_last_frame",
			"bones": {
				"face": {
					"rotation": [0, -182.5, 0]
				},
				"hand": {
					"position": [1, -1, 0]
				},
				"hand2": {
					"position": [-1, -1, 0]
				}
			}
		}
	}
}