{
	"format_version": "1.8.0",
	"animations": {
		"animation.jeanie.idle": {
			"loop": true,
			"animation_length": 1,
			"bones": {
				"head": {
					"rotation": {
						"0.0": [0, 0, 0],
						"0.25": [0, 0, 2.5],
						"0.5": [0, 0, 0],
						"0.75": [0, 0, -2.5],
						"1.0": [0, 0, 0]
					}
				},
				"rightarm": {
					"rotation": {
						"0.0": [0, 0, 0],
						"0.25": [0, 0, 10],
						"0.5": [0, 0, 0],
						"0.75": [0, 0, -7.5],
						"1.0": [0, 0, 0]
					}
				},
				"leftarm": {
					"rotation": {
						"0.0": [0, 0, 0],
						"0.25": [0, 0, -10],
						"0.5": [0, 0, 0],
						"0.75": [0, 0, 7.5],
						"1.0": [0, 0, 0]
					}
				}
			}
		},
		"animation.jeanie.walk": {
			"loop": true,
			"animation_length": 1,
			"bones": {
				"body": {
					"rotation": {
						"0.0": [0, 0, 0],
						"0.25": [0, 0, -5.5],
						"0.3333": [0, 0, -5.5],
						"0.5417": [0, 0, 0],
						"0.75": [0, 0, 4],
						"0.8333": [0, 0, 4],
						"1.0": [0, 0, 0]
					}
				},
				"head": {
					"rotation": {
						"0.0": [0, 0, 0],
						"0.25": [2.49962, -0.04362, 0.99905],
						"0.5": [0, 0, 0],
						"0.75": [-1.99726, -0.10465, -2.99818],
						"1.0": [0, 0, 0]
					}
				},
				"rightarm": {
					"rotation": {
						"0.0": [0, 0, 0],
						"0.25": [-30, 0, 0],
						"0.5417": [5, 0, 0],
						"0.75": [35, 0, 0],
						"1.0": [0, 0, 0]
					}
				},
				"leftarm": {
					"rotation": {
						"0.0": [0, 0, 0],
						"0.25": [27.5, 0, 0],
						"0.5417": [2.5, 0, 0],
						"0.75": [-44.56145, -7.05302, -7.10708],
						"1.0": [0, 0, 0]
					}
				},
				"rightleg": {
					"rotation": {
						"0.0": [0, 0, 0],
						"0.25": [12.5, 0, 0],
						"0.3333": [12.5, 0, 0],
						"0.5417": [0, 0, 0],
						"0.7917": [-50, 0, 0],
						"1.0": [0, 0, 0]
					},
					"position": {
						"0.0": [0, 0, 0],
						"0.25": [0, 0.25, 1],
						"0.3333": [0, 0.25, 1],
						"0.5417": [0, 0, 0],
						"0.7917": [0, 0.5, -1],
						"1.0": [0, 0, 0]
					}
				},
				"leftleg": {
					"rotation": {
						"0.0": [0, 0, 0],
						"0.25": [-42.5, 0, 0],
						"0.5": [0, 0, 0],
						"0.75": [17.5, 0, 0],
						"0.8333": [17.5, 0, 0],
						"1.0": [0, 0, 0]
					},
					"position": {
						"0.0": [0, 0, 0],
						"0.25": [0, 1, -1],
						"0.5": [0, 0, 0],
						"0.75": [0, 0.25, 1],
						"0.8333": [0, 0.25, 1],
						"1.0": [0, 0, 0]
					}
				}
			}
		},
		"animation.jeanie.happy": {
			"loop": true,
			"animation_length": 0.5,
			"bones": {
				"root": {
					"position": {
						"0.0": [0, 0, 0],
						"0.125": [0, 1, 0],
						"0.25": [0, 0, 0],
						"0.375": [0, 1, 0],
						"0.4583": [0, 0, 0]
					}
				},
				"happy": {
					"scale": [1, 1, 1.15]
				},
				"rightarm": {
					"rotation": {
						"0.0": [0, 0, 82.5],
						"0.25": [0, 0, 60],
						"0.5": [0, 0, 82.5]
					},
					"position": [0, -1, 0]
				},
				"leftarm": {
					"rotation": {
						"0.0": [0, 0, -85],
						"0.25": [0, 0, -62.5],
						"0.5": [0, 0, -85]
					},
					"position": [0, -1, 0]
				}
			}
		},
		"animation.jeanie.attack": {
			"animation_length": 0.625,
			"bones": {
				"body": {
					"rotation": {
						"0.0": [0, 0, 0],
						"0.25": [-22.5, 0, 0],
						"0.4167": [-22.5, 0, 0],
						"0.5833": [45, 0, 0]
					}
				},
				"angry": {
					"scale": [1, 1, 1.1]
				},
				"rightarm": {
					"rotation": {
						"0.0": [0, 0, 0],
						"0.0833": [-42.5, 0, 0]
					}
				},
				"leftarm": {
					"rotation": {
						"0.0": [0, 0, 0],
						"0.0833": [-42.5, 0, 0]
					}
				}
			}
		},
		"animation.jeanie.angry": {
			"loop": "hold_on_last_frame",
			"animation_length": 0.25,
			"bones": {
				"angry": {
					"scale": {
						"0.0": [1, 1, 1],
						"0.25": [1, 1, 1.05]
					}
				},
				"rightarm": {
					"rotation": {
						"0.0": [0, 0, 0],
						"0.25": [-47.5, 0, 0]
					}
				},
				"leftarm": {
					"rotation": {
						"0.0": [0, 0, 0],
						"0.25": [-42.25489, 5.05904, 5.54401]
					}
				}
			}
		}
	}
}